207,207,417,207,207,207,207,207,417,417,471,471,471,471,471,377,377,377,377,377,377,377,241,241,377,377,377,377,377,377,598
400,417,241,400,400,400,400,400,241,241,207,207,207,207,98,417,417,471,400,400,241,241,417,417,400,400,400,400,400,400,585
417,241,559,417,417,417,417,417,400,559,400,400,400,400,400,241,241,400,471,207,417,417,559,559,241,207,207,207,207,207,177
588,400,209,241,588,588,241,241,207,555,588,588,417,417,207,209,209,417,207,241,400,559,555,555,417,588,588,588,588,565,148
521,559,207,588,565,565,565,565,559,471,417,417,588,241,417,471,602,241,417,417,559,555,602,602,207,565,565,565,565,588,400
565,565,96,565,521,521,521,588,588,257,241,565,241,588,241,400,96,207,241,471,207,210,257,257,559,471,471,471,471,521,259
241,209,332,521,241,241,588,521,471,209,565,241,565,565,527,602,210,588,588,588,471,602,210,210,588,521,521,521,521,471,265
541,521,602,541,541,541,541,541,555,400,521,521,521,521,588,96,471,527,527,527,588,332,501,332,602,331,331,541,541,331,377
58,588,555,559,331,559,58,559,521,210,541,541,209,209,209,207,400,565,565,559,555,400,332,501,257,541,541,331,331,541,97
455,541,210,96,559,331,559,58,565,207,209,331,331,331,565,210,555,209,521,565,210,257,377,154,565,181,527,58,58,58,18
331,96,400,209,58,58,331,331,209,602,331,209,541,541,521,80,80,521,559,521,527,202,209,225,471,58,181,181,181,527,2
181,602,80,331,455,455,181,181,257,332,559,181,559,96,331,559,559,602,541,555,602,209,80,80,210,527,58,527,527,97,331
559,555,269,58,181,181,455,455,210,96,96,455,96,181,541,527,501,559,331,210,565,207,225,209,555,151,455,455,455,181,509
242,332,501,455,96,242,242,151,541,599,602,559,181,58,96,555,502,96,555,331,332,80,154,333,332,455,151,97,97,585,565
509,455,599,181,242,97,97,517,602,501,332,96,68,455,181,588,207,210,210,541,257,471,599,375,530,241,509,509,509,177,453
121,58,565,332,509,509,151,242,331,202,555,58,602,559,602,501,328,541,602,332,530,530,128,599,331,585,242,151,585,455,54
209,331,588,242,97,121,509,97,96,588,181,242,332,602,58,599,599,555,181,602,521,501,333,217,521,509,97,242,121,18,58
96,181,521,121,121,96,121,121,599,502,58,602,455,161,559,502,269,331,209,209,209,588,375,64,80,121,121,121,18,509,541
97,80,328,509,209,151,18,509,455,333,455,332,58,242,455,328,128,58,58,58,541,225,64,128,541,242,585,177,151,121,521
151,269,257,97,151,209,177,555,332,565,242,161,242,151,151,128,527,181,332,181,202,154,217,328,527,97,177,585,242,242,207
188,210,333,269,188,555,96,209,501,80,517,555,269,97,210,269,588,80,455,151,80,333,328,581,501,177,188,18,177,151,193
332,509,202,602,555,188,209,18,181,521,121,151,161,121,80,565,333,332,151,530,331,599,202,269,181,417,18,188,395,395,184
183,121,541,188,332,177,188,96,151,328,269,121,555,80,555,521,332,269,242,80,58,375,530,502,209,188,395,161,379,379,486
602,242,225,151,6,183,555,177,58,477,151,97,151,210,121,333,64,121,80,257,154,565,269,39,154,18,161,395,188,188,588
269,97,502,555,183,6,6,183,202,225,599,269,97,555,585,331,154,242,121,455,181,527,581,571,151,183,183,379,161,161,67
555,501,477,80,177,332,183,188,585,217,509,509,121,509,97,541,202,455,96,202,96,269,502,202,599,395,379,183,148,148,455
6,151,128,183,602,210,257,257,502,375,97,599,80,269,56,332,565,501,202,242,151,64,571,566,58,530,148,148,183,598,48
177,599,58,210,395,602,602,210,333,566,80,188,599,585,161,181,257,97,97,121,501,217,39,349,585,559,83,83,598,183,593
395,188,217,6,210,395,210,585,80,541,502,80,509,188,242,202,206,151,530,97,269,128,96,218,225,379,184,184,48,184,471
268,257,181,177,269,257,599,602,121,154,257,585,502,599,269,64,566,530,257,96,225,96,566,594,269,602,607,48,184,259,558
508,183,455,395,524,18,524,6,509,269,585,502,188,332,501,154,521,599,188,501,333,328,349,96,333,161,56,524,259,48,586
80,328,331,501,99,547,585,332,97,331,501,183,328,501,509,257,225,56,56,188,599,521,400,47,121,210,99,598,524,607,195
99,333,375,599,547,99,332,395,242,128,183,177,501,18,599,151,541,202,509,509,455,541,218,504,128,83,547,607,83,6,181
547,177,242,547,257,524,395,599,328,64,188,18,585,183,502,58,331,328,501,225,121,331,594,530,455,257,347,6,6,524,121
210,6,121,524,202,80,202,501,517,58,328,501,210,177,603,455,530,257,585,585,375,58,47,477,96,148,48,547,607,83,156
309,202,64,202,80,501,99,202,18,181,210,395,183,502,328,585,375,585,269,599,328,151,504,278,97,56,598,99,99,265,123
38,395,97,328,501,202,547,99,177,151,18,328,128,328,188,530,218,128,599,154,128,502,207,377,328,555,6,347,547,593,527
524,99,218,99,599,599,501,80,477,455,128,257,18,395,388,206,58,502,161,269,97,181,477,78,177,332,524,56,593,547,151
585,547,509,268,268,607,277,547,269,121,202,128,395,128,183,121,181,333,333,56,242,581,471,170,509,598,38,259,347,99,6
277,508,566,83,277,269,83,598,225,242,333,210,177,6,530,97,39,188,154,333,509,571,368,102,242,80,530,38,56,2,255
607,585,151,257,309,83,38,502,183,218,177,6,257,547,139,225,47,509,225,161,585,121,278,146,64,99,241,593,265,347,395
83,225,154,607,83,38,80,38,154,585,395,99,547,83,128,566,151,161,395,18,217,566,588,368,183,38,485,485,485,485,242
18,128,188,333,607,585,333,155,566,581,566,547,6,99,332,39,349,154,183,183,64,39,78,280,188,6,417,75,508,56,419
283,502,39,309,508,277,502,524,128,97,6,333,64,38,18,56,121,64,18,395,188,349,565,166,581,184,495,508,2,38,379
501,268,183,508,38,309,269,333,217,517,154,83,99,257,395,509,455,225,128,128,161,455,102,136,39,547,37,37,38,37,95
495,309,571,38,585,268,598,83,188,509,547,202,38,202,177,242,217,183,328,177,183,585,170,35,18,209,75,309,37,508,213
599,477,581,585,328,508,607,508,375,18,99,38,333,333,145,218,97,566,375,375,18,97,146,175,375,524,508,265,75,75,9
339,607,6,225,18,328,155,269,64,39,64,64,202,64,591,47,242,375,64,328,177,218,35,264,502,347,309,495,309,495,161
155,83,349,277,333,502,309,309,395,47,38,566,83,530,333,375,585,18,177,64,56,594,527,361,202,607,259,530,495,156,472
48,524,177,502,502,333,508,607,99,183,83,154,154,154,202,161,581,395,502,379,395,242,280,147,395,48,593,2,156,309,188
184,277,547,128,283,477,268,328,6,188,225,607,566,155,64,349,56,177,217,502,566,509,206,149,217,96,546,460,530,51,183
75,38,47,495,225,155,328,277,218,177,607,155,421,206,547,183,509,206,566,217,379,47,166,330,161,501,265,51,287,453,144
333,18,395,283,495,225,48,115,83,349,375,184,530,607,257,177,504,547,547,547,502,188,560,206,566,508,51,339,51,353,11
328,217,99,18,155,283,593,477,598,571,155,524,206,48,99,18,280,379,379,566,349,183,136,560,379,154,339,408,339,338,30
257,566,508,184,184,184,75,48,508,368,524,309,516,184,38,581,594,217,581,581,581,18,521,14,571,599,2,318,353,546,574
202,283,585,477,477,48,259,268,581,594,184,530,514,566,6,217,278,388,83,571,571,177,541,523,148,75,408,156,453,462,50
318,375,278,75,37,495,477,225,39,395,217,485,289,598,154,188,161,581,6,6,39,395,264,589,47,269,597,353,460,387,587
593,64,309,120,339,75,128,530,155,6,215,75,155,524,343,504,183,6,607,607,218,504,58,221,349,37,318,387,462,339,4
572,339,594,155,75,566,464,593,547,99,75,508,607,225,604,395,264,39,571,39,35,161,361,468,598,485,216,462,387,69,251
128,218,607,217,48,37,51,259,47,530,309,225,413,593,83,278,188,47,39,349,547,477,175,273,594,309,460,338,318,486,370
63,48,524,339,566,598,184,75,38,102,283,347,225,75,180,594,149,349,148,148,47,206,331,230,218,259,156,453,584,584,497
150,155,268,566,217,217,265,154,309,78,48,268,218,464,579,388,18,218,349,83,594,278,151,564,56,339,353,584,338,408,353
225,154,78,48,128,593,407,172,530,175,47,48,369,347,153,280,571,139,99,184,148,56,149,425,547,408,570,407,597,318,99
502,39,368,375,318,128,64,566,524,547,581,598,184,309,206,571,78,38,38,38,6,560,147,164,99,593,512,69,408,460,83
477,495,83,460,375,51,225,217,607,504,218,593,59,39,225,139,166,83,184,206,504,379,181,305,477,51,559,486,486,570,252
460,349,102,37,593,318,495,128,349,149,508,375,524,508,566,603,177,233,347,99,206,78,121,400,38,225,462,483,69,512,90
464,571,504,64,464,375,283,184,571,38,530,464,75,51,148,149,102,607,206,48,83,170,564,606,83,2,387,546,546,327,338
475,318,38,318,51,464,566,375,368,215,593,51,545,485,379,264,395,603,47,75,477,102,14,573,504,128,346,327,327,301,524
217,184,330,464,64,339,530,283,48,280,268,172,48,259,48,78,175,148,75,560,48,146,104,355,78,333,41,241,512,224,112
473,47,18,593,347,64,217,64,283,560,598,495,598,268,607,233,560,99,524,218,38,35,589,322,278,328,584,216,483,575,34
51,581,283,51,460,572,2,437,594,264,464,339,440,37,184,166,136,75,218,47,560,368,330,187,6,597,338,512,575,200,607
598,530,277,150,572,530,154,51,339,83,39,218,593,460,598,547,477,48,48,347,607,280,606,20,48,581,69,570,226,482,28
64,75,136,154,530,460,387,549,172,278,51,217,375,218,262,102,170,524,485,477,598,166,44,310,184,495,572,597,224,483,224
37,37,560,218,598,154,375,339,184,598,477,37,39,339,39,560,14,184,388,524,184,136,273,196,560,265,392,424,301,67,506
566,460,564,270,270,408,572,464,593,136,339,47,309,47,88,477,6,485,37,598,524,264,230,108,259,64,327,346,482,226,117
375,347,175,408,408,347,408,2,268,166,495,39,493,375,79,6,388,571,508,485,278,175,585,372,75,512,483,572,67,216,387
351,150,147,572,154,407,339,581,259,155,347,581,464,495,508,38,547,308,598,594,99,260,425,316,524,318,223,226,563,41,575
325,104,280,347,120,259,318,265,75,147,317,259,217,408,524,99,368,593,593,593,75,361,468,442,607,353,424,417,570,563,458
270,598,35,581,218,581,218,218,102,170,408,129,485,265,485,83,361,604,51,51,20,547,523,44,102,39,453,575,424,530,323
494,593,530,39,150,265,581,43,560,309,259,317,47,581,75,136,147,347,560,37,170,147,164,104,339,223,301,563,216,597,354
512,35,149,571,512,512,462,39,504,508,37,408,508,317,309,145,379,51,233,460,593,104,260,449,206,202,602,482,11,50,535
126,594,264,513,581,270,353,408,78,48,19,512,581,349,47,368,564,508,603,508,104,149,97,592,508,424,131,334,50,11,347
154,278,104,512,424,218,338,495,2,607,318,349,231,407,189,175,139,598,594,388,347,148,455,260,170,216,575,223,535,535,69
218,560,48,530,570,150,512,407,347,330,349,124,51,387,222,598,38,309,309,259,51,6,221,384,368,502,562,224,572,287,107
408,368,166,600,513,334,460,387,278,524,172,460,23,217,218,170,330,37,339,504,78,330,242,220,2,570,334,439,513,513,101
347,572,468,494,334,513,37,318,37,14,512,265,268,512,593,148,589,339,139,309,280,44,305,531,146,387,439,67,346,392,508
39,494,170,570,259,223,453,512,175,19,460,572,349,2,375,485,104,408,259,408,259,523,573,140,309,572,407,45,10,45,584
513,504,155,349,39,462,156,37,51,283,265,424,495,462,349,48,230,495,460,339,175,48,355,244,485,546,486,513,407,223,303
530,51,523,598,439,39,584,47,149,564,478,334,347,560,339,379,273,546,408,318,485,589,372,158,593,460,210,10,334,572,462
439,102,495,439,223,570,223,584,318,468,513,223,550,172,378,14,603,560,597,546,146,14,20,286,347,156,371,435,439,10,186
570,424,339,334,462,439,39,572,136,75,223,387,25,584,492,508,146,594,318,603,460,564,310,532,280,327,482,11,45,439,192
22,330,460,223,571,560,91,156,277,593,572,477,339,334,581,607,83,460,477,260,368,273,322,207,408,584,539,535,537,411,547
450,270,573,462,569,387,486,462,265,573,387,439,259,570,347,361,468,259,495,233,102,598,140,433,37,375,200,131,131,247,279
462,78,273,116,349,156,327,460,280,230,150,2,317,223,51,330,233,504,504,265,508,607,187,461,166,69,569,22,223,424,10
259,44,14,86,116,120,347,353,264,104,439,45,172,477,441,147,48,512,546,495,66,425,442,471,136,338,563,301,435,334,485
334,136,230,424,265,126,513,349,166,396,407,513,408,439,217,524,164,318,512,78,309,83,196,588,51,346,553,520,247,346,540
571,260,75,382,407,349,270,270,464,184,504,216,129,353,259,146,148,477,308,35,265,38,316,179,265,22,537,204,553,553,226
575,512,120,126,575,2,439,575,407,273,571,407,37,156,37,260,607,278,604,139,260,230,66,565,264,131,513,247,520,435,563
116,351,305,259,86,584,47,513,147,220,45,584,372,572,578,564,196,597,265,278,339,468,108,66,35,453,226,50,125,407,125
584,334,260,575,382,47,570,439,170,164,560,560,350,504,71,273,99,492,278,512,166,221,188,111,175,462,22,556,303,125,56
424,259,184,569,126,571,539,571,330,268,594,570,201,594,546,309,606,265,223,407,408,75,183,533,361,226,45,539,569,22,141
2,584,196,47,494,353,483,338,104,221,2,504,504,45,504,104,35,223,424,136,136,20,18,527,512,439,411,537,392,303,113
349,462,44,265,584,116,595,570,260,523,216,537,512,338,460,220,523,78,572,223,264,372,533,438,147,483,80,553,22,556,426
265,513,187,476,122,575,428,453,495,51,353,575,560,260,512,164,425,132,78,102,37,606,509,548,387,407,224,392,443,520,513
223,464,606,143,156,424,69,150,220,361,590,594,407,318,495,184,573,153,2,597,149,140,220,348,495,334,535,116,556,537,75
86,299,310,346,143,216,571,70,584,305,424,571,515,571,408,230,260,88,387,104,388,99,395,466,546,566,520,287,200,539,359
581,408,164,122,216,392,392,327,462,260,575,569,594,327,594,347,598,387,439,2,316,164,348,516,353,116,116,569,505,116,37
382,265,318,456,47,494,575,45,156,589,462,353,265,69,265,75,221,145,102,170,318,184,449,151,156,553,556,443,116,117,428
456,175,589,584,2,338,224,347,44,464,116,116,460,575,100,589,75,146,35,216,2,316,177,412,330,556,287,505,145,131,306
569,570,220,266,296,86,126,223,150,339,584,69,12,483,560,339,220,343,216,175,407,355,244,21,597,390,296,456,304,357,38
346,575,361,392,387,69,216,486,512,590,69,462,387,513,2,593,355,439,260,387,512,573,516,498,584,486,204,288,296,419,401
122,569,572,22,22,382,553,334,408,259,156,553,223,278,205,468,305,280,170,439,606,508,384,58,570,569,257,356,357,443,247
47,296,221,356,560,327,334,483,14,140,570,156,467,424,597,44,485,2,156,584,361,593,592,391,260,126,209,126,90,204,432
356,149,593,560,69,553,226,303,575,196,120,372,477,453,278,259,187,513,584,572,44,305,3,491,606,217,555,296,456,371,304
380,2,425,69,392,91,214,368,387,606,327,327,439,216,407,604,140,424,353,308,387,442,158,469,223,537,126,303,30,390,232
104,126,150,454,456,539,556,126,564,355,270,270,572,116,387,196,44,407,146,570,546,187,531,3,216,224,332,41,204,505,422
299,147,140,243,299,483,45,116,533,44,553,86,571,553,280,221,310,45,513,146,147,485,438,541,523,563,456,91,117,426,163
156,456,355,216,353,22,116,553,273,187,86,41,264,346,571,140,593,216,570,368,14,66,379,258,453,575,11,125,426,232,483
560,264,322,156,266,356,50,560,140,322,338,122,2,270,584,523,508,570,45,353,584,310,488,488,221,296,356,270,232,30,435
353,170,449,387,476,569,443,556,353,442,214,556,584,476,264,533,184,264,368,140,353,524,532,176,303,392,454,90,288,90,254
143,564,51,296,356,556,349,50,468,277,539,22,462,486,462,606,524,116,492,44,572,259,161,521,273,571,505,476,126,304,292
483,439,37,407,327,266,10,594,573,310,126,338,45,280,570,573,309,575,116,280,330,220,433,481,327,505,303,299,41,288,327
407,22,533,41,483,214,424,69,230,425,476,220,570,556,477,35,51,102,575,523,139,51,461,487,14,301,299,304,356,569,219
476,280,598,519,519,296,67,424,221,146,301,453,15,264,575,37,372,353,407,575,233,309,286,321,230,476,476,357,345,405,357
387,140,494,483,454,453,150,494,164,495,346,214,334,86,124,305,322,260,69,166,223,339,423,121,589,45,247,228,539,497,309
24,156,438,299,553,368,368,226,334,408,556,392,278,537,318,492,108,572,334,45,523,533,481,340,575,303,270,426,122,345,288
296,166,600,553,595,143,22,86,424,449,41,126,513,595,439,187,347,166,537,604,439,322,56,423,149,520,50,200,270,228,416
69,346,108,353,41,486,357,120,513,2,529,301,208,126,156,372,259,156,104,330,495,348,294,92,460,270,67,405,228,356,459
303,438,347,2,346,456,569,595,303,35,334,476,280,78,78,308,604,170,136,156,425,108,258,181,564,560,443,451,497,296,53
496,533,66,327,226,595,535,22,572,347,149,143,124,226,334,310,442,35,166,513,603,347,179,183,424,206,390,30,362,336,236
35,69,516,410,600,346,346,216,494,108,569,483,116,124,260,425,449,441,462,361,156,196,547,331,346,299,214,345,411,145,61
216,122,244,278,556,594,86,224,523,319,453,595,220,136,166,355,339,104,327,116,570,408,111,436,407,95,122,444,337,456,167
260,273,20,594,338,226,356,214,348,20,78,296,78,224,572,343,145,482,553,327,140,2,6,285,318,513,435,122,299,562,495
327,220,408,293,410,454,169,382,606,318,595,78,575,22,353,51,308,262,280,264,216,460,491,585,572,11,96,411,95,126,534
594,66,442,104,200,476,382,346,460,265,22,264,156,392,513,2,384,297,22,482,564,265,21,326,425,535,10,117,405,270,373
44,116,316,78,390,122,560,272,120,407,264,19,260,214,149,348,492,584,270,462,327,37,598,211,483,41,444,214,476,362,253
278,606,384,556,368,260,594,356,305,512,392,260,553,569,45,265,408,551,175,338,273,438,412,414,486,247,451,497,451,95,198
454,303,512,200,214,224,303,539,327,533,175,539,216,149,116,495,533,69,338,147,338,449,48,212,468,443,86,232,214,586,307
519,516,270,390,453,428,435,91,570,37,483,149,149,140,223,322,512,470,301,69,488,568,38,54,462,67,405,410,237,454,443
553,523,464,330,479,41,247,67,361,384,278,486,424,220,537,516,546,327,569,553,438,512,148,103,553,50,345,390,444,214,362
368,353,513,214,594,200,11,443,338,172,280,131,102,519,87,512,244,175,482,221,589,597,548,420,226,47,60,86,410,237,366
226,468,348,479,104,519,143,476,122,244,224,356,327,301,104,108,37,71,361,492,45,158,466,528,69,456,542,479,344,476,65
41,348,158,142,505,169,476,357,589,491,330,226,104,166,270,546,495,462,264,334,575,318,391,365,338,451,90,490,492,122,157
556,356,462,505,142,371,304,569,553,387,220,280,270,104,553,442,438,136,453,537,462,384,54,27,116,356,410,428,371,344,89
243,223,351,595,238,303,494,104,35,353,260,346,69,539,303,449,592,330,476,424,220,531,83,294,556,214,46,344,336,451,561
479,196,334,522,522,479,120,260,428,156,102,104,137,50,424,424,348,368,132,301,453,244,75,298,50,479,479,362,60,46,503
410,573,439,238,444,299,533,10,45,572,356,102,353,10,136,71,531,537,392,453,230,592,103,72,301,86,304,542,519,410,376
249,20,592,226,78,443,288,428,556,150,226,224,537,443,301,470,460,553,563,392,483,73,607,97,439,482,398,60,86,479,228
33,483,531,451,345,505,125,535,439,462,382,382,86,102,102,407,158,270,86,187,221,546,436,267,310,345,229,95,479,358,582
338,305,223,338,293,104,232,435,50,513,122,444,476,131,235,584,2,392,131,483,308,286,285,447,573,539,357,336,114,1,511
595,382,126,444,486,136,220,102,486,575,486,299,338,356,327,156,223,476,41,270,513,387,99,240,140,349,8,519,390,299,339
237,595,433,368,243,435,344,78,453,460,143,278,166,456,338,408,407,338,556,149,69,584,508,32,372,122,344,249,542,114,114
293,86,146,260,260,522,260,304,146,584,104,519,230,490,69,153,265,149,226,346,597,516,282,256,355,594,336,130,124,399,434
117,407,570,448,224,390,505,11,69,223,368,303,301,303,453,384,318,86,483,273,482,21,329,93,164,10,249,237,484,484,543
392,230,532,102,539,357,479,247,569,216,519,456,556,382,50,318,316,301,147,41,372,353,51,26,187,444,228,484,399,542,525
504,143,575,544,303,50,204,410,196,158,505,175,136,435,140,244,433,346,88,476,468,495,469,242,126,218,117,194,130,86,394
507,14,259,35,63,45,78,392,187,348,166,166,392,44,483,387,532,222,519,145,116,532,259,274,67,542,95,169,241,492,312
50,454,461,174,435,249,84,504,22,592,303,418,175,67,216,460,66,556,145,564,164,407,184,188,131,435,288,475,13,130,239
453,387,21,374,451,451,519,122,516,120,443,443,41,11,44,353,387,334,44,20,553,156,240,62,22,60,130,371,135,249,480
238,316,3,345,249,444,426,479,310,516,136,142,126,41,556,597,20,41,330,86,424,433,352,49,442,204,492,145,454,162,381
486,442,412,249,33,410,102,519,483,66,296,479,453,444,476,132,353,361,224,556,187,575,580,455,569,411,269,454,249,194,51
533,164,424,542,542,102,30,125,20,439,170,136,483,247,86,575,156,563,346,22,348,452,324,324,305,130,490,404,586,13,474
102,243,116,504,344,238,542,175,224,327,479,140,346,35,482,88,461,569,486,606,533,570,298,5,334,200,125,492,417,404,173
142,216,584,303,276,344,33,136,355,494,435,435,22,143,126,124,298,22,153,126,305,388,498,168,41,448,388,448,91,135,261
17,507,491,105,448,78,249,344,126,438,140,50,214,368,300,592,516,214,456,356,486,572,267,81,513,415,475,162,1,490,133
345,187,346,409,35,542,194,140,442,532,50,478,486,91,486,301,71,453,126,456,442,439,256,74,220,344,519,250,394,191,127
505,449,216,435,443,140,104,456,226,45,456,505,539,479,175,316,216,519,140,542,286,223,393,18,563,1,237,13,475,519,341
78,226,265,276,130,247,451,143,223,69,444,368,569,175,199,537,575,483,214,14,196,461,485,395,392,249,145,57,490,28,94
200,221,291,344,383,10,410,295,91,553,357,67,595,505,22,303,343,224,542,425,226,301,593,360,270,304,448,399,404,229,275
542,33,2,453,102,67,296,542,270,433,410,8,140,204,346,570,570,126,343,220,573,179,72,518,145,477,383,562,162,448,55
214,553,285,302,247,44,348,264,322,548,451,410,368,535,368,462,439,147,149,563,355,488,176,335,537,410,143,143,160,91,284
136,556,382,11,11,142,130,278,116,531,142,451,519,410,226,158,513,140,71,131,492,327,185,329,224,492,30,1,448,394,404
444,310,69,130,45,345,456,13,214,570,67,411,356,428,519,438,572,564,564,486,301,3,248,538,108,125,382,142,33,444,145
390,361,456,33,60,11,13,227,449,461,131,454,143,533,220,205,553,14,523,519,563,482,309,76,45,90,91,382,143,82,552
435,249,86,136,50,175,200,44,595,556,454,330,170,520,170,66,153,505,356,589,270,412,274,85,66,388,364,135,382,430,583
140,327,156,486,234,504,90,249,425,338,344,10,382,249,14,532,462,205,299,371,604,45,2,320,20,287,162,191,250,465,367
522,21,22,564,91,293,404,232,216,424,10,293,226,348,35,531,132,221,122,533,466,54,211,246,322,288,33,160,562,213,397
451,589,481,224,131,130,497,296,296,486,247,130,14,304,214,423,327,539,505,224,334,491,339,282,316,336,13,383,194,250,500
448,392,298,131,364,204,122,505,535,126,542,247,131,542,569,22,597,356,441,226,134,423,76,290,44,405,232,415,415,60,402
344,410,243,429,95,278,516,117,108,567,130,542,44,357,356,461,301,44,296,214,537,152,31,171,520,78,234,388,383,8,263
330,50,436,364,278,535,278,220,33,214,11,344,224,122,361,262,584,456,589,230,310,536,321,379,482,383,497,364,234,160,40
130,425,356,371,229,489,362,30,491,116,200,60,303,451,330,572,69,606,303,348,556,513,487,509,196,357,1,559,7,382,106
302,237,569,44,67,383,238,130,356,453,567,170,330,170,595,433,537,226,297,442,476,258,408,385,443,382,191,403,388,16,42
95,322,54,237,504,229,57,237,86,595,293,200,443,390,147,439,424,542,273,372,224,103,524,248,11,143,404,82,253,33,165
224,3,353,247,204,243,345,288,438,224,204,371,50,125,564,553,21,273,533,316,322,453,26,31,135,364,194,234,510,253,389
348,117,387,204,10,600,190,204,384,270,345,11,371,142,456,223,45,486,551,539,126,462,340,134,456,162,426,80,465,124,313
403,476,286,229,136,237,237,41,382,21,520,357,490,68,382,297,88,122,221,303,22,338,347,314,214,428,135,77,428,510,271
159,293,299,175,237,304,454,451,67,86,428,204,564,418,273,391,116,303,425,569,346,111,134,315,539,117,142,7,403,7,311
13,338,392,63,357,90,363,280,539,226,411,533,456,293,224,441,391,589,348,66,542,216,92,499,449,135,250,209,364,428,200
247,486,122,443,302,364,351,238,346,334,146,520,479,344,118,551,338,66,606,50,108,492,326,431,476,278,415,33,605,475,203
443,355,103,60,404,264,504,149,244,22,147,44,91,147,533,513,126,131,14,468,356,436,414,52,348,497,233,87,28,143,576
175,200,407,445,564,288,484,135,66,483,14,383,410,130,410,21,556,124,539,520,50,553,212,109,410,30,484,358,16,511,336
438,519,240,234,44,448,586,33,125,91,243,95,296,13,122,569,124,230,443,505,179,145,85,177,247,504,599,465,429,596,318
234,463,553,539,371,63,364,200,357,303,299,428,444,361,443,327,26,523,230,443,282,116,420,427,296,403,403,429,191,138,386
445,291,423,404,411,411,390,166,423,392,371,249,147,364,435,258,491,382,451,132,54,69,463,393,104,142,581,16,511,582,342
404,63,249,95,162,149,520,345,143,3,564,304,122,238,249,50,205,520,444,71,303,178,365,580,125,13,281,276,457,601,446
516,453,476,147,304,147,142,404,476,346,44,345,435,14,348,116,412,425,262,451,131,285,246,526,451,426,577,602,29,406,36
125,544,595,411,13,35,41,90,443,356,535,33,533,288,542,334,392,443,382,88,204,537,460,119,117,519,419,511,110,245,557
45,345,296,533,533,404,448,426,390,476,91,535,10,296,392,45,3,451,220,435,145,481,512,197,535,475,501,406,276,554,301
364,224,556,45,535,33,601,533,344,539,221,14,293,371,344,69,470,435,20,479,519,303,514,547,505,91,399,308,213,77,182
