210,821,210,210,210,210,791,791,791,791,210,791
1182,210,791,791,791,648,585,585,585,585,648,210
648,648,585,585,585,791,291,210,210,210,791,722
973,1182,722,722,722,585,210,291,291,722,585,648
585,585,648,648,648,722,648,648,648,648,722,585
722,722,1182,291,1182,291,722,722,722,291,291,291
791,791,973,1182,973,973,973,973,973,973,973,973
735,973,291,973,291,735,735,735,735,735,735,735
472,291,504,735,504,504,504,504,504,504,504,504
291,472,735,504,735,109,472,472,472,472,109,109
504,504,139,139,139,1182,109,109,109,109,139,139
1331,735,472,472,472,139,650,650,650,139,472,472
921,1331,1331,109,1331,472,1331,139,139,650,465,465
102,921,109,952,109,921,139,465,465,465,623,650
139,139,921,623,921,465,465,1331,1331,1331,650,1331
917,262,102,102,102,650,102,917,917,623,952,917
650,109,952,650,952,623,1182,102,102,952,917,1182
330,102,623,917,623,917,917,1182,952,921,1182,921
109,952,650,921,650,952,952,623,1182,102,1331,623
952,650,917,465,917,102,753,778,1339,917,778,952
262,917,262,1331,262,1331,1339,952,623,1339,921,102
989,778,1339,330,753,778,623,753,778,778,102,778
778,623,644,198,644,987,778,1339,753,262,987,987
712,330,778,262,1339,330,1,262,987,644,644,262
644,989,753,644,778,198,644,987,1,753,198,753
936,712,712,778,198,262,987,644,262,987,262,1339
753,753,989,753,465,753,921,1,644,1,1339,644
381,644,465,1339,989,1339,264,831,198,1100,989,198
385,1339,198,1136,712,989,262,989,831,1182,753,259
1339,381,381,989,385,1136,198,198,989,198,1136,712
339,465,1136,385,381,1,831,921,921,989,259,989
465,385,339,987,1136,644,1261,1100,1136,1136,1,1100
1123,693,693,381,1123,693,989,264,1100,259,1100,1
1261,936,1123,712,1251,1100,1100,1136,264,712,693,385
198,987,385,1123,330,381,1136,581,581,264,712,693
1251,1251,987,693,987,385,693,259,259,1300,381,1136
193,339,330,1261,264,259,581,712,693,385,1123,264
1136,1123,264,156,1055,1300,259,693,974,693,974,581
264,264,1251,264,693,712,381,974,385,581,581,1300
693,198,1165,1251,1165,1123,974,385,1300,1261,264,193
156,1261,1,1100,156,581,385,1300,1261,381,1251,381
1100,64,64,1,339,1251,1300,1261,712,974,64,520
1165,1136,1055,974,1300,1261,712,381,381,193,1300,1123
238,1165,1300,581,866,264,1055,330,330,1123,14,330
974,1055,866,1055,1,64,220,1123,1123,831,156,1261
987,1300,156,1165,64,156,1123,740,1165,1165,330,974
1055,866,1100,1300,974,974,339,1165,740,330,520,64
866,1100,936,64,1100,1055,1165,220,220,339,339,1251
626,974,581,339,581,1165,156,64,1055,1055,1055,156
623,156,1261,14,1261,14,330,1055,553,156,385,339
1311,581,974,866,1311,339,740,553,339,64,740,14
1300,626,1311,1311,32,520,853,339,866,520,1261,553
553,1311,626,32,626,553,520,866,156,553,1165,831
64,14,14,571,553,193,571,156,361,803,553,866
1,193,553,553,936,866,33,361,64,1251,866,1010
249,1,259,752,228,740,866,803,803,740,193,1165
750,553,32,586,259,1010,361,853,853,220,220,1055
581,750,586,33,586,32,64,927,927,33,361,220
571,259,228,228,14,571,803,33,33,866,32,740
1010,32,520,990,803,752,228,1251,1251,32,1311,131
740,571,271,259,131,586,553,193,193,800,752,853
271,740,1198,927,813,33,750,520,520,1268,626,32
520,1198,803,131,520,228,1251,571,571,228,586,361
586,228,571,803,1172,990,822,822,822,626,853,927
32,520,1010,1268,1198,853,1172,32,32,131,33,752
228,249,131,936,1268,1311,32,228,228,361,803,750
14,271,813,750,271,131,193,800,800,1172,131,33
803,586,1268,813,571,1268,1268,1268,1268,853,571,144
616,1010,1172,626,1010,936,800,626,626,571,228,626
400,803,800,1309,1029,750,927,1010,1010,586,990,803
1268,813,740,520,800,220,990,131,131,990,1268,571
1198,238,750,1172,990,813,525,750,750,936,1309,586
259,1268,193,1198,1038,361,626,1172,1172,144,750,1309
544,927,1121,544,750,626,1010,990,990,1309,1010,990
813,131,822,144,193,1309,131,501,501,419,936,1268
734,616,220,740,734,803,501,936,56,56,144,400
131,831,990,1029,33,1172,586,56,525,927,1172,228
831,822,616,1213,1121,927,56,525,705,501,813,1172
157,220,1018,800,740,400,629,705,144,752,637,813
990,1121,400,637,1309,1198,705,144,1309,1010,1029,1311
1035,400,1035,419,822,144,144,586,419,14,800,936
927,1035,361,1038,637,637,813,1309,1311,813,400,822
908,637,544,616,220,1029,419,419,586,637,1038,544
1121,361,637,1121,770,1038,1309,1311,1121,1311,995,1029
1029,33,1007,995,616,800,1311,752,752,750,419,800
637,544,144,1017,361,616,775,14,936,1038,616,995
1172,144,734,220,544,1121,1121,1061,14,1029,388,629
780,1007,1029,271,400,995,14,813,1061,400,1121,419
33,734,249,400,22,271,1061,629,813,1121,501,56
679,990,33,1294,501,419,995,1038,629,995,1007,616
1018,1042,1038,1010,1074,770,637,1325,1038,22,22,1038
258,1029,831,770,388,831,1038,1121,637,1005,271,1121
501,780,679,361,995,1294,616,1029,1325,770,927,637
361,1038,1309,1007,419,1189,770,995,1029,775,770,501
1007,629,519,22,483,22,936,637,995,616,831,22
1272,679,780,1074,1035,1074,1029,616,616,121,1074,1074
144,1018,770,388,144,388,121,1005,1005,496,544,1189
1312,501,501,822,679,822,1189,496,496,1189,734,770
1038,1234,853,121,1018,121,570,388,388,388,1294,388
853,908,121,734,249,734,388,570,775,531,1189,1318
1074,853,995,501,1007,501,599,770,770,822,1198,271
483,56,65,663,853,663,531,22,570,544,679,679
1234,22,1074,679,121,679,752,121,121,240,121,1325
800,157,1017,483,496,544,496,240,240,629,1318,599
1213,995,22,599,1189,599,240,400,22,599,599,121
220,1074,908,1035,831,1035,1325,1198,905,1074,496,1282
56,599,56,249,1017,496,116,531,1198,1198,663,1007
22,800,1234,496,1249,483,905,1189,599,519,1035,1294
1282,212,388,212,240,1017,1005,905,531,705,483,496
1294,770,809,853,531,240,1198,599,1189,506,240,483
809,1017,710,1189,56,775,22,775,400,905,1017,734
629,483,1042,1315,1294,506,734,734,734,1294,506,663
599,258,1213,240,780,1249,483,1074,483,1061,110,240
710,121,599,775,809,629,400,1318,519,734,809,506
770,1282,483,1249,576,576,1081,483,663,525,116,705
496,1309,419,780,1234,1315,1294,663,1074,1318,1249,1198
351,284,506,576,65,249,519,1294,116,1315,629,1005
519,519,212,531,1213,1007,663,392,392,1325,822,1249
331,809,331,193,1042,531,969,519,969,1017,1005,1315
121,710,663,290,599,290,356,1017,1294,679,1315,905
356,1213,356,116,519,780,392,679,506,271,56,570
799,506,927,519,212,1213,828,506,544,1282,905,1035
995,1294,240,65,351,116,544,116,809,799,570,110
1328,65,492,1005,799,1005,809,356,1013,1249,351,809
506,331,351,1018,663,353,1043,969,828,663,290,531
284,351,1315,831,927,809,1039,1315,1043,483,775,351
240,496,496,905,1315,905,1059,544,356,1013,531,799
65,356,290,809,775,570,1017,809,1039,1043,1013,290
492,1312,284,570,290,110,694,1013,679,809,65,65
1052,492,799,110,905,799,1282,828,1017,290,799,710
576,1052,905,629,629,56,1074,1043,694,908,576,1013
1315,1315,1249,506,1052,65,506,1039,1282,877,710,969
531,419,695,1325,506,356,1196,799,877,392,969,775
639,240,1052,877,710,519,65,290,1315,694,780,1017
1042,799,629,799,356,351,1013,694,799,356,877,613
695,576,639,901,492,1318,271,1282,65,116,356,116
187,531,531,356,392,710,290,877,271,570,901,901
705,663,1294,392,556,187,679,1249,290,1196,613,576
1309,290,576,351,901,969,1315,65,908,353,474,908
419,695,1282,639,1061,474,260,271,1318,695,438,474
1249,1328,187,56,203,1013,877,901,353,901,353,877
388,639,412,1234,908,877,799,1272,1249,191,908,353
790,905,392,203,187,901,353,908,260,141,1325,939
412,187,499,187,474,191,1007,353,1196,1007,499,695
212,388,1061,1042,360,492,908,260,901,842,1213,492
663,1249,775,474,1013,392,1249,1196,1007,1345,695,331
204,412,191,1013,191,639,110,1007,1059,110,639,412
499,1172,258,1147,204,939,1187,141,110,1052,519,694
1061,499,1312,191,639,908,351,842,1187,65,556,777
808,1061,238,1052,692,1325,808,1059,351,808,331,191
290,705,1195,705,238,1018,939,110,808,969,1241,392
1241,1241,141,908,1312,360,901,88,141,351,392,525
905,767,692,710,110,808,1127,1187,1127,474,777,547
191,775,705,808,499,284,1318,808,842,1187,412,203
767,1195,1285,284,284,454,842,1127,767,1039,694,639
775,1272,877,204,1241,204,767,191,1081,260,953,1147
1195,1285,694,454,705,556,695,351,695,344,191,692
822,556,752,556,1285,331,492,1081,88,828,705,1241
315,204,1241,331,777,438,141,695,492,939,692,438
392,392,1334,438,877,692,1052,1345,191,203,525,499
718,191,236,692,695,695,1272,474,474,962,187,20
1285,901,19,777,752,777,88,112,1272,1081,1052,112
1013,1013,1013,412,939,412,112,939,112,449,20,356
1017,694,790,694,331,694,360,360,939,88,1147,360
694,692,203,953,438,212,203,203,360,204,249,295
236,752,438,238,842,953,191,204,203,632,492,284
877,236,1325,525,236,525,204,344,204,331,284,715
295,808,556,20,790,1052,547,547,547,613,203,204
442,141,901,260,295,20,1241,1241,1241,112,1285,842
901,1334,767,1285,412,112,632,632,1345,547,962,1052
1334,377,718,962,112,1147,474,258,632,219,295,141
377,19,110,295,141,203,258,449,258,1147,808,66
203,718,260,715,1325,1285,824,970,449,258,141,1187
19,203,1328,141,1282,962,970,962,970,360,939,1213
845,790,808,1241,525,295,1076,1147,962,236,1018,1039
850,845,1189,41,1334,141,1345,784,1147,710,112,1196
438,438,389,360,260,1241,449,331,344,849,204,808
141,1325,777,939,1005,258,1168,492,1168,492,360,962
689,850,442,695,1195,499,962,41,372,41,715,389
692,110,204,258,715,715,372,613,41,1168,963,1059
232,209,474,499,718,613,298,1168,298,372,842,422
110,389,534,236,1272,842,331,372,784,1241,1234,1334
389,1119,1231,441,1119,718,613,777,331,1035,718,828
1189,1189,1272,613,258,547,710,1052,613,232,66,1285
777,777,232,492,969,236,1328,298,710,298,212,1345
1231,442,1119,486,486,705,1147,710,499,422,1196,519
486,1231,1059,842,1328,1196,598,499,1213,412,1187,556
525,525,842,718,73,1215,499,422,1284,284,1215,1215
534,474,969,1196,1284,1284,344,1213,412,66,389,1284
859,534,486,1215,377,389,1284,1284,284,1213,1059,187
116,315,850,372,1196,1059,412,412,66,499,1334,372
1059,295,209,389,116,441,41,922,780,160,441,718
192,877,377,1059,962,1334,284,187,1018,719,828,79
842,689,525,1334,1059,828,66,284,777,598,1039,953
969,232,126,1119,694,643,780,66,431,1059,845,1234
719,1059,116,828,232,1282,1018,780,719,1285,1284,780
209,842,422,1195,808,422,434,1018,434,431,598,212
613,969,1194,353,819,598,431,1113,422,434,258,298
353,486,962,422,422,1234,1181,431,232,576,372,1168
556,719,1345,547,1187,372,160,719,160,296,1119,963
551,859,613,1187,20,1119,438,434,438,556,79,1230
962,353,819,1272,353,79,556,232,556,777,591,363
761,962,859,598,935,1039,1259,1285,824,1076,298,1065
126,126,41,298,953,1187,296,160,922,1284,422,41
935,422,295,278,298,591,422,438,1259,639,41,1259
953,953,1187,79,192,298,1035,556,296,715,1345,1323
819,819,353,1205,922,192,715,824,1035,1328,106,1171
1119,613,363,112,1194,41,125,296,715,125,192,449
41,761,953,192,278,790,1228,1035,93,93,547,643
260,41,192,73,1345,73,784,715,1228,1228,850,1237
363,116,1005,1345,719,1345,777,236,125,187,363,1062
20,1345,715,377,1205,106,1041,125,841,841,1259,296
298,260,278,106,106,1328,841,93,849,1169,1323,845
715,363,20,1328,1019,850,849,1228,363,363,1171,249
278,1005,1019,423,344,363,363,841,389,389,1195,62
1019,715,704,157,673,1259,389,849,137,692,449,260
704,278,963,850,209,1323,719,1169,1052,137,643,1018
963,1019,689,219,1147,458,137,363,265,1234,1237,454
79,704,551,1259,1199,719,265,389,643,438,232,441
1345,963,719,1323,389,486,643,692,212,643,1205,1042
285,551,344,458,551,1171,212,137,423,212,935,40
474,1194,673,1061,363,260,922,1234,876,20,209,1228
673,20,1147,719,598,449,423,1076,209,423,296,125
1196,673,1120,1171,157,232,232,265,963,1215,105,784
1147,1196,106,344,850,1205,876,643,1334,953,1282,922
1120,1147,598,643,19,935,963,212,1230,559,62,1272
1045,1205,157,845,1062,209,1334,423,1205,876,454,755
841,1120,219,449,219,296,1230,1215,1169,780,1042,598
422,192,761,232,534,105,207,219,207,963,219,841
300,598,845,935,458,62,546,876,546,1334,423,137
219,219,1062,209,1259,1195,551,209,551,1230,1062,185
17,106,372,296,1323,1042,145,963,145,824,1228,106
1154,935,224,105,442,423,559,1334,559,207,125,850
423,372,105,224,761,1062,163,1230,163,546,922,1043
383,105,1205,62,643,1228,236,1205,236,551,1272,970
8,224,1196,1062,41,125,1113,207,1113,145,755,1061
372,344,298,1228,1171,922,971,546,971,163,841,498
105,298,79,125,845,219,93,551,960,1062,137,591
224,1062,1215,269,1215,1272,960,145,692,192,185,19
1062,1217,1217,922,1231,755,1042,559,441,295,1061,999
137,79,1045,1284,613,841,1323,163,1323,971,498,258
1217,285,360,755,105,137,441,971,1065,1259,19,344
1205,1227,1336,689,224,185,1065,1259,598,1065,761,935
755,1045,1220,841,828,1227,746,960,1215,1323,999,1154
106,360,1254,137,859,498,786,1323,1076,845,344,1019
1227,1336,112,185,1228,746,79,441,295,786,1019,1119
360,1220,849,1282,441,19,209,1065,786,1237,1344,1344
1336,1226,935,1227,689,761,62,598,1042,935,1231,746
487,1254,1227,498,841,999,219,845,935,79,1328,1091
484,112,583,746,137,344,1234,295,79,249,1194,1127
1220,849,1154,19,185,845,1205,1062,576,62,73,73
1254,583,922,761,1045,66,454,786,62,1018,47,423
93,1154,939,1019,498,1019,187,1237,219,454,941,719
1194,922,1327,963,746,1231,1091,20,1234,718,719,232
112,300,47,1312,759,1194,1184,1042,454,441,260,1221
849,939,941,1231,1220,47,1169,935,187,1042,1220,1220
583,1327,1323,1154,1227,963,185,953,1091,1091,1227,717
1228,17,1344,1194,963,941,402,79,1184,40,377,209
1005,47,423,47,583,1314,692,576,1181,784,333,333
145,1323,8,673,1154,1199,222,62,1062,922,402,402
939,941,1314,941,1217,1220,295,454,20,1272,1065,236
1327,1344,350,1344,47,157,498,718,185,755,236,458
47,423,301,363,941,377,717,1091,402,1184,458,759
1323,414,145,1314,1344,333,591,1184,498,185,759,632
941,1151,300,1199,1314,402,1215,1181,222,106,632,988
1344,8,285,1220,8,1065,999,185,591,970,988,1216
1215,1016,26,969,79,759,1154,1328,999,498,1216,192
414,1187,1313,333,350,632,935,402,1154,591,462,1231
854,1314,1065,759,285,988,718,639,953,222,689,849
1151,350,1318,632,704,1216,1019,498,1019,999,486,986
922,301,383,1313,632,717,845,222,845,1154,849,1194
185,145,1212,1065,1313,462,576,591,471,1019,673,26
1314,26,541,988,1065,383,471,999,19,19,876,280
1076,1313,854,1216,988,849,19,1154,746,746,746,876
350,1065,1226,1318,1216,278,279,1019,279,279,36,761
441,1318,93,462,126,876,40,471,1171,1127,1168,219
739,1076,596,383,1318,673,20,19,718,1171,551,1195
301,383,307,849,807,26,1221,746,40,471,269,36
26,487,602,541,1120,36,879,279,1221,265,1120,1205
1313,1212,1171,876,462,551,829,1171,879,879,819,859
327,541,1199,859,383,689,1213,40,829,1181,602,1076
1065,272,414,1076,849,471,192,1221,154,829,1330,269
1318,854,292,442,1226,269,154,879,1144,1221,199,1120
598,1215,272,36,372,1120,755,192,755,209,807,47
1212,93,1151,551,596,315,1144,829,759,1220,1134,602
541,484,471,471,1076,819,759,106,1328,767,767,1330
272,596,1129,1129,272,602,988,767,988,402,1016,199
292,602,315,1120,93,1330,1216,117,1216,333,354,807
596,307,36,315,1151,199,953,154,639,1144,541,1134
602,1199,745,819,292,807,1285,755,742,759,1254,354
307,1171,73,602,471,767,1239,1144,1247,988,1314,541
344,292,891,1330,1129,1016,742,759,966,1216,18,1184
1199,441,1016,199,315,354,1247,988,1285,742,480,1126
1171,1129,537,807,767,541,966,1216,192,1247,227,1314
7,73,1094,285,36,18,1171,742,717,966,801,18
439,745,498,767,1016,480,21,1247,106,717,16,480
1129,828,185,1016,18,227,280,966,47,47,74,227
561,1228,137,354,296,801,1062,717,280,986,1082,801
73,841,841,225,602,16,287,47,287,1194,283,16
745,137,1228,18,1330,74,1016,280,1041,850,880,74
555,185,828,480,199,1082,930,287,1016,280,1094,1082
449,498,709,227,480,283,36,1041,36,287,238,283
1325,1094,1223,801,227,880,1185,1016,1185,1016,709,880
498,537,759,16,801,1094,26,36,26,36,1076,1081
1094,709,441,74,16,238,269,1194,930,1205,1327,891
537,1223,7,1082,74,709,1120,1185,269,1231,1081,1226
709,759,427,283,1082,1327,1078,26,1120,73,1217,327
1223,7,454,880,283,1081,42,930,1078,373,1129,900
759,454,945,1094,880,1217,1170,269,117,1041,1264,434
454,427,17,709,1094,1076,117,1120,42,269,383,1179
427,945,61,1327,1212,1264,1110,1078,602,1120,442,728
42,327,327,1223,709,442,602,249,1330,458,891,485
61,61,1264,1254,1223,1185,1330,42,807,1078,1226,790
1016,1264,867,1217,1254,891,807,602,199,960,327,442
945,225,225,534,747,1226,199,1330,354,602,900,1078
225,867,893,1264,454,327,354,807,1220,930,285,615
867,1319,1319,891,427,900,1220,199,1126,1330,224,534
1319,893,1076,1226,7,285,1126,1134,1106,807,434,217
893,1039,1039,327,1336,224,801,354,801,199,1179,471
4,4,4,900,945,434,73,1220,16,1134,301,1063
801,801,449,1081,891,1179,16,1126,74,354,728,377
158,449,801,145,327,21,74,801,18,42,859,1185
942,158,487,434,300,728,18,73,227,1126,485,100
317,561,158,1179,17,301,1106,16,880,801,790,408
1039,942,942,1039,1264,859,458,74,1082,16,26,824
826,547,547,728,225,485,1314,18,480,74,278,1133
273,929,462,301,145,534,227,1106,283,18,717,1271
1051,248,1221,485,434,1044,880,458,73,1106,534,1328
27,159,248,1078,1319,1078,1082,1314,458,1314,1063,81
115,1221,410,1221,1179,410,480,227,1314,227,471,1240
1187,1078,559,410,1039,100,283,880,327,880,1044,1327
248,1288,1288,100,449,1091,1149,1082,900,1082,1185,1159
1221,559,1078,1044,1327,1133,327,480,1179,480,1078,593
1078,717,717,1091,301,1271,1175,283,754,283,410,682
1288,18,18,717,485,373,106,373,1194,1226,100,468
559,74,1144,1133,423,414,900,327,1327,327,824,684
580,1144,74,373,547,17,47,900,1239,900,1091,909
717,354,354,414,1221,1045,754,1179,1175,1179,1043,573
159,1044,1044,17,1078,1043,1194,754,597,1327,1133,747
18,988,561,1045,1288,1127,1179,1327,1231,790,1271,478
929,1216,1106,790,717,594,536,597,43,26,373,607
74,721,721,1159,410,1159,1327,1175,790,615,414,883
1144,1106,1216,593,373,593,597,1231,615,217,17,1264
1226,1237,988,682,414,682,43,43,1063,377,1045,481
354,43,43,468,1044,468,790,790,377,1063,81,617
758,642,1237,684,561,684,1158,1119,373,1185,1159,34
1044,807,642,909,1159,909,639,615,986,1119,593,410
752,62,807,573,593,573,615,1239,408,408,682,548
988,739,62,747,682,747,179,377,1344,1344,468,153
1216,471,1278,478,468,478,377,1063,100,100,684,87
721,1278,333,607,684,607,1063,986,1133,552,909,1118
1106,333,274,883,909,883,986,408,552,676,573,256
1202,274,906,721,573,1237,373,1344,676,1217,747,157
1237,117,1091,1237,478,7,408,100,617,1133,478,659
43,1091,1246,159,607,272,1344,1133,81,859,607,786
642,906,594,7,883,274,100,552,1240,1156,883,145
23,1043,1127,272,721,1129,1302,676,272,81,7,373
904,1127,1043,274,1237,153,1133,617,1159,1240,272,301
807,594,1126,26,159,256,552,81,607,1159,274,414
62,1246,280,153,26,548,676,1240,684,607,548,627
471,1024,627,256,1278,659,617,272,573,684,153,673
1278,280,557,1043,333,854,81,1159,747,573,256,975
333,1126,756,1127,274,280,1240,607,909,747,659,1239
117,627,509,594,1091,1126,1159,684,593,909,315,1170
1091,557,299,548,1043,481,607,573,478,593,854,285
906,509,764,659,1127,786,684,747,883,478,280,462
1043,42,698,854,594,145,573,909,682,883,1126,1332
1127,764,955,217,854,789,747,593,468,682,481,21
594,756,789,280,280,627,909,478,249,468,786,1110
1246,789,1122,1126,1126,975,593,883,1226,1264,789,43
1024,955,731,402,402,1170,478,682,1264,481,617,464
485,698,246,481,299,225,883,468,850,272,145,1227
255,299,485,786,789,824,682,1226,772,30,627,246
983,891,1097,789,627,246,468,1264,481,617,975,292
627,1122,1284,627,1097,286,1045,850,352,34,1170,233
557,246,784,975,731,292,1226,772,82,541,21,1016
183,485,217,246,784,233,1264,481,1237,87,1110,509
509,1284,373,286,217,1024,850,352,1156,256,246,1033
764,1097,971,292,246,772,481,82,34,1118,286,158
756,784,286,71,71,784,352,1156,731,153,292,689
789,217,71,233,233,93,1237,34,217,157,233,551
955,71,1024,1024,1024,464,82,731,1119,1045,1024,818
698,971,233,772,772,1033,1156,217,225,1242,509,1129
1240,233,772,1144,1144,160,34,225,541,301,772,1217
299,772,621,784,286,158,1231,541,1149,929,784,658
1122,621,117,93,158,745,731,1149,87,975,93,521
671,464,1033,464,117,1332,225,87,1118,673,464,867
246,1033,464,1033,745,159,541,256,256,1044,1033,1254
1284,658,42,160,652,1212,87,1118,153,891,160,1001
1097,261,658,158,464,350,256,153,157,1227,158,150
97,1066,1066,745,1033,1278,1118,157,1045,1170,745,709
891,1153,23,1332,160,658,153,1045,1242,1239,1332,792
367,23,160,1293,1066,521,157,1242,301,285,159,30
731,160,883,1212,658,867,462,301,462,485,818,906
71,1159,684,350,867,1313,1000,462,1044,462,350,431
971,684,1159,658,1133,536,1044,891,1170,1332,658,1169
233,883,130,521,1110,43,509,1044,509,21,521,1041
784,130,1133,867,1270,1110,844,1227,1332,1110,867,1094
1193,36,1072,986,66,986,1332,1170,21,43,1001,456
217,1072,27,596,546,596,464,509,1110,464,150,798
772,1270,1270,66,929,217,1033,1332,464,117,986,630
621,27,1169,546,986,906,158,21,1033,509,596,1199
30,744,546,561,1169,561,728,1110,158,1033,217,51
464,1169,66,4,798,1154,1134,464,728,158,906,4
1033,66,458,1169,536,1061,818,1033,1217,728,561,545
1020,546,929,1041,179,1169,1129,158,1134,1271,1169,904
658,458,403,456,261,1041,495,728,818,818,1041,1253
1066,403,1069,798,42,456,410,1217,1129,1129,456,858
261,296,317,630,872,798,772,818,495,534,798,711
160,1330,97,431,711,630,534,1129,1254,1254,630,179
1023,199,862,261,365,4,1254,495,150,150,1199,1278
505,480,536,42,696,1151,150,534,1001,1001,51,42
1153,227,798,1132,1071,179,1001,1254,534,495,4,1132
1159,16,986,872,788,1221,792,150,410,709,1151,872
684,1082,880,711,657,431,1242,1001,792,792,179,696
883,283,283,365,541,42,217,410,246,246,42,838
804,880,1082,696,248,1132,246,792,218,218,1132,274
130,536,16,1071,148,872,218,246,1199,761,872,1071
1072,862,227,1240,1184,711,1199,218,1094,179,696,745
1270,97,480,788,782,696,4,1199,545,4,1071,788
1169,317,199,248,417,1071,1094,4,51,1094,788,288
66,1069,1330,288,366,1240,630,1094,630,630,288,854
546,826,296,8,124,788,545,630,456,545,300,782
503,273,179,300,1257,288,456,545,4,456,1184,1293
458,367,159,1184,862,300,51,456,798,51,782,142
403,580,261,782,550,1184,798,51,1271,1199,1293,502
296,179,386,142,1153,782,1286,798,711,798,142,1317
1330,747,365,502,1185,1293,1271,1271,858,1253,502,482
199,872,711,1317,876,142,711,711,30,410,1317,417
480,711,872,482,1080,502,858,858,548,711,482,313
227,365,747,417,898,1317,30,30,1227,858,417,1302
16,386,788,313,307,482,548,548,1278,548,313,366
1082,788,1179,366,555,417,1227,1278,1132,1278,366,1149
283,1179,696,124,661,313,1278,872,659,872,862,862
880,696,606,583,983,366,1132,1132,1286,1132,559,559
536,983,1071,862,431,862,659,659,838,659,550,1144
862,606,1180,550,825,559,838,274,696,838,40,299
1069,1071,148,1153,40,550,696,1286,1302,696,1144,1044
179,1180,366,1185,1240,40,1119,838,788,274,299,7
747,148,417,1336,826,1144,788,696,27,1286,96,208
872,410,782,299,27,1336,27,788,288,154,914,96
711,1184,1184,96,1040,299,288,27,1224,788,1212,914
365,782,1257,914,21,96,782,288,482,27,307,1181
386,417,124,40,739,914,482,1302,313,288,898,307
788,366,550,307,642,307,313,782,142,782,1223,681
1179,124,163,555,949,555,142,482,502,482,731,911
1133,1257,1185,826,984,1344,502,313,1317,1302,739,159
606,550,402,731,994,1223,1317,142,1293,313,536,898
1071,402,1080,21,760,721,1293,502,782,142,1158,315
1126,1185,876,739,267,731,417,1317,417,502,68,286
591,163,898,642,370,739,1224,1293,366,1317,163,67
895,876,825,949,61,642,366,417,911,1293,424,960
1180,1080,661,984,336,71,929,1224,595,417,503,620
148,898,555,994,1271,163,911,366,208,1224,114,739
410,555,983,760,163,595,595,911,891,366,451,536
124,661,431,267,503,68,299,159,299,597,652,1158
1257,1023,660,370,436,424,891,208,929,1149,971,68
402,431,40,559,971,503,737,595,179,208,225,189
1185,549,1240,1271,878,114,1173,299,737,299,43,407
163,1020,826,1151,769,451,914,929,914,737,878,163
1264,660,1040,163,559,816,96,179,96,914,769,383
876,731,1287,68,1246,652,233,737,233,96,261,1236
1080,1240,336,424,439,971,272,673,681,233,945,424
898,1051,370,503,69,878,681,914,898,904,829,503
661,1040,267,114,1023,769,898,96,67,681,1137,114
431,949,760,451,829,261,67,233,333,911,1239,451
549,984,994,816,744,945,333,681,789,159,744,479
1295,994,984,652,269,829,789,898,620,17,557,971
660,760,949,971,557,1137,620,67,975,898,1201,225
720,267,739,878,1201,1239,975,333,536,315,248,533
825,370,797,769,354,744,68,789,1195,286,408,550
244,336,1053,1246,408,557,424,620,1173,67,407,957
949,1287,1006,439,407,1201,407,1023,414,620,946,878
984,115,178,945,946,248,189,975,68,1023,206,899
994,462,395,829,549,408,1253,536,424,536,88,769
760,797,1099,1137,206,407,627,739,1158,739,1153,1279
267,1053,659,744,88,946,658,761,1253,1173,1242,1036
370,758,548,557,1242,206,1236,1195,189,1158,904,829
336,1006,503,1201,931,1158,391,1173,407,414,1202,1137
1287,503,436,408,415,88,1217,1158,627,68,309,744
391,548,379,407,904,1153,451,414,658,424,608,557
280,659,769,946,273,931,521,68,391,407,183,1201
462,1099,878,549,1051,1242,114,424,1236,189,657,248
797,395,69,206,1202,415,479,407,451,503,1118,1003
785,178,439,88,309,904,274,189,521,627,431,946
508,436,1023,1242,183,1202,308,1253,114,658,379,206
970,379,133,931,1281,309,550,627,274,383,758,88
1053,340,829,415,837,183,859,658,479,1236,133,1242
1006,878,744,904,1118,657,1279,1236,859,754,720,237
1040,769,1201,273,379,1118,957,391,1279,451,1181,1202
548,439,269,1051,724,379,1036,451,957,521,1279,309
659,69,572,1202,758,724,899,521,1036,114,1025,608
1099,133,886,309,720,758,769,114,899,479,568,183
395,829,1095,183,30,720,878,479,550,225,1313,657
178,269,996,1281,591,1254,744,550,769,550,826,17
172,1201,237,837,133,133,906,859,878,1279,427,379
286,343,343,657,1181,1181,689,1279,744,957,785,133
436,237,407,1118,1279,1279,301,957,906,1036,53,1025
274,996,408,379,1025,1025,286,1036,308,899,30,53
379,1095,549,724,568,568,1003,899,689,769,1088,1009
69,886,946,758,785,826,634,769,634,878,1156,1156
133,572,304,720,668,427,335,878,1003,1195,595,595
340,408,88,30,53,785,159,292,286,906,255,255
829,407,1242,591,664,664,946,744,335,1137,934,934
269,88,904,133,1088,53,1202,906,159,292,484,484
1201,304,1051,1181,4,30,208,308,485,744,1113,819
343,1242,273,1279,1317,1088,37,689,946,1175,39,1113
237,904,675,1025,1134,1156,183,286,1202,308,343,343
996,1259,992,568,255,1134,608,1003,237,1003,1324,1324
1095,434,467,427,934,255,309,634,183,634,538,538
886,593,1252,785,484,934,904,335,608,335,368,86
572,682,881,668,1113,484,965,485,309,946,887,261
723,468,91,53,1295,1113,1023,946,872,206,792,368
490,909,926,664,685,39,133,1202,904,1202,1278,887
1253,573,342,1088,727,343,867,237,133,689,1302,486
88,478,244,1156,39,1324,1025,1071,887,237,1149,945
304,607,380,1134,343,538,887,183,867,1071,587,341
84,1202,1281,255,1324,368,1009,608,1025,486,6,587
828,183,183,934,368,887,1324,309,1009,183,469,160
1242,1281,309,484,906,1304,938,904,1324,608,208,6
1259,380,1202,1113,887,792,343,133,965,309,825,965
434,244,607,1295,1304,1302,538,503,1023,442,929,825
593,342,478,39,1320,1149,307,867,938,854,960,1336
682,926,573,343,6,1320,745,1025,343,133,1336,561
468,91,909,1324,587,6,825,887,538,867,1240,772
909,881,468,368,1275,587,248,17,86,1025,1253,1153
573,1252,682,906,487,469,206,1009,307,887,1020,1151
478,467,593,887,208,1275,6,1324,825,53,189,278
607,992,434,1304,960,208,321,965,248,1009,1040,731
1281,675,1259,1320,1253,825,709,484,206,595,393,265
380,208,208,6,469,929,652,819,341,484,699,272
342,746,652,587,1020,960,379,255,745,1113,924,393
926,837,758,469,532,1150,761,938,6,819,27,924
91,1025,837,1275,367,1253,393,343,321,255,237,1045
881,652,746,208,459,1020,924,538,709,934,1221,304
1252,1118,1025,983,1150,189,862,86,1153,1324,304,1212
467,724,724,825,189,1040,304,307,652,343,488,652
992,620,1118,929,94,28,1195,825,379,538,711,282
675,1079,657,960,28,393,1071,248,761,86,3,929
746,643,643,661,393,699,414,206,393,261,273,350
837,720,720,1253,699,1066,503,341,924,938,857,1180
1025,657,30,1020,127,924,1137,745,862,307,549,362
208,30,668,532,1162,27,282,6,304,945,1051,435
652,286,785,367,115,237,1151,321,1071,248,677,767
1118,591,568,459,924,488,1201,709,1137,965,282,452
724,1181,1279,1150,237,3,557,486,282,341,1000,224
897,1279,1181,189,495,273,350,1153,1201,745,1180,1246
643,568,591,1040,871,857,931,652,557,6,362,218
657,785,1153,28,580,549,452,261,350,321,435,713
547,668,53,1278,1193,1051,713,379,503,825,340,69
744,895,1088,393,948,304,69,53,292,772,846,554
550,53,727,699,488,677,447,393,931,1153,533,931
1181,1088,685,1066,947,282,297,924,452,1151,452,619
1279,699,1295,127,1293,124,657,862,713,278,1246,802
568,1317,1113,1288,1170,583,1292,854,69,731,218,1122
668,1134,484,1162,3,1270,415,304,300,379,713,297
189,255,934,115,857,1180,1191,1137,447,652,69,1292
202,934,255,924,824,362,146,282,297,393,554,146
834,1113,1134,27,304,435,266,1201,657,924,268,415
175,1295,1317,237,677,340,816,557,1292,862,439,1191
53,685,39,495,282,487,985,350,1191,7,721,266
1079,727,328,948,1297,509,173,931,415,304,931,950
1088,67,871,488,670,846,12,452,146,282,619,469
699,108,1324,947,1180,1000,71,713,266,1201,802,816
677,39,368,1170,362,533,729,69,816,557,1122,162
1317,328,437,3,435,452,86,300,469,350,297,173
1134,1324,1093,857,448,1246,485,447,162,931,597,985
934,871,1011,824,340,218,250,619,985,452,1292,71
1113,368,732,304,702,713,1304,802,173,713,146,300
685,437,924,677,509,69,1150,297,71,69,415,1286
727,1110,1110,1110,728,554,664,657,729,224,266,250
67,924,6,282,975,268,1135,1292,1151,300,950,491
108,732,166,1297,816,439,1307,146,250,447,162,1304
39,1011,1275,1270,1000,1263,176,266,1304,619,23,1150
328,1093,435,670,533,448,1267,415,1150,802,173,664
1324,702,960,1180,452,365,890,1191,1135,297,985,1135
871,391,1253,362,218,619,341,816,664,657,71,1267
597,6,882,435,554,802,70,469,176,1292,67,1307
368,1275,452,448,268,1122,964,162,1307,146,620,176
437,166,469,340,1263,297,237,985,1267,266,161,890
812,435,1308,487,302,597,364,173,890,415,756,964
1110,960,397,702,38,1292,172,71,364,1191,1286,364
924,1253,641,509,1064,146,194,729,964,816,816,699
732,1133,459,1000,619,266,234,1151,172,469,250,1301
1011,825,367,533,802,950,226,250,37,162,491,409
1093,469,532,452,1122,162,535,1304,1060,950,1304,37
702,452,1020,218,84,23,1301,1150,226,985,1150,226
827,882,189,713,297,173,1060,664,138,173,664,138
36,84,580,69,1292,985,138,1135,533,71,1267,398
1329,532,329,554,146,1258,533,176,1014,714,1307,1014
6,459,94,268,266,67,1014,1307,1301,491,176,1060
1275,641,1245,1263,23,620,13,1267,398,250,890,751
166,397,488,302,950,161,398,890,375,1304,964,375
603,1308,477,38,1258,756,375,964,751,1150,681,93
910,189,332,1064,67,491,751,364,409,664,263,117
435,94,85,179,161,1286,409,172,804,1135,1301,172
452,329,50,619,597,250,420,226,1263,176,409,672
882,1245,848,802,756,149,840,1301,368,1307,398,840
923,488,68,1122,162,741,672,37,420,1267,751,181
532,477,1163,297,491,1267,804,1060,840,890,375,804
459,986,1291,597,1286,1307,181,409,672,964,117,563
641,127,1092,1292,250,176,368,138,181,364,172,277
397,1162,1337,146,149,890,1263,285,563,699,672,1167
1308,1218,1310,266,741,964,1281,533,1068,172,840,1068
94,513,92,23,1267,1301,320,1014,1281,226,181,1024
329,1056,574,950,1307,681,563,398,320,1301,804,1281
1245,58,58,162,176,148,575,375,1167,37,563,320
488,574,1056,1258,43,409,17,751,1024,1060,277,420
477,92,513,67,890,398,720,420,277,409,1167,575
127,1310,1218,161,964,751,1022,840,575,138,1068,758
1162,1337,115,756,1301,375,1287,1167,17,533,1281,488
1218,1092,1162,491,409,172,1153,672,720,1014,320,720
513,1291,127,1286,398,672,972,277,1022,398,420,938
1056,1163,699,250,751,840,53,804,1287,375,575,1022
58,68,393,149,375,181,314,1024,261,751,665,1287
574,848,857,741,125,804,577,181,972,420,241,1088
92,50,67,1267,1081,563,329,563,314,840,983,1257
1310,85,1193,1307,172,277,371,368,53,1167,938,8
1337,332,495,176,672,1167,1089,1068,577,672,1022,683
1092,857,948,43,840,1068,39,1263,329,277,1287,39
1291,495,947,890,181,1281,805,1281,215,804,642,861
1163,1193,3,335,804,320,861,320,1089,1024,895,215
68,948,1170,964,563,420,215,575,39,181,470,805
848,373,1293,1301,277,893,690,720,861,563,933,1089
50,1293,677,620,1167,575,714,1040,371,368,78,371
85,1170,824,681,1068,665,1320,1022,805,1068,532,245
332,3,282,148,320,241,584,1287,690,1263,346,49
857,947,1297,409,420,983,446,1088,714,1281,661,1320
469,824,86,398,893,263,490,8,1320,320,724,523
495,677,670,751,369,938,134,972,584,575,505,490
1167,123,362,375,763,1022,523,314,134,758,884,134
373,282,448,172,80,1287,678,577,490,720,202,776
960,1297,702,672,640,895,111,329,111,1040,367,678
986,670,340,840,1329,470,776,215,678,1022,671,584
1293,86,1064,181,863,933,606,1089,446,1287,459,111
1170,362,38,804,401,78,587,39,523,1088,1257,446
3,505,302,563,1183,532,28,861,776,8,8,606
1174,448,1263,277,275,346,1015,371,606,1257,334,1270
622,728,268,1167,303,661,815,805,587,972,683,457
646,975,554,1068,97,505,251,690,1015,314,861,251
947,816,218,320,136,884,305,714,305,577,215,815
824,1000,533,420,188,202,457,1320,28,329,805,28
123,533,1000,893,795,367,612,584,815,215,1089,335
282,218,816,369,1274,671,421,134,251,1089,371,654
1297,554,975,763,180,459,1142,490,457,39,245,108
948,268,728,80,166,117,120,111,854,861,49,9
670,1263,206,640,380,1257,518,678,612,371,1320,651
86,302,184,1329,634,8,1232,446,421,805,523,749
601,38,84,863,621,334,631,523,1142,690,490,635
870,1064,802,401,120,683,1297,776,120,1320,134,524
907,24,619,1183,665,861,662,606,518,584,776,253
638,184,297,275,241,215,491,587,1232,134,678,118
404,619,266,303,768,805,738,28,631,490,584,1295
817,802,146,97,1137,1089,635,1015,662,111,111,1225
362,297,950,136,620,371,382,815,738,678,446,836
928,146,1271,188,681,245,25,251,382,446,606,993
448,266,162,795,575,49,749,457,25,523,1270,529
728,206,787,1274,846,523,670,305,749,776,457,463
975,1271,1306,180,263,490,243,612,670,606,251,645
816,950,507,575,938,134,376,421,243,587,815,151
1000,723,1032,665,1022,776,9,1142,376,28,28,1109
533,162,888,241,1287,678,950,120,491,815,335,186
218,1258,1248,768,895,584,524,518,635,251,654,1275
554,429,937,846,470,111,253,1232,524,457,108,1006
268,399,833,263,933,446,651,631,9,612,9,98
1263,489,669,938,78,606,654,662,950,421,651,77
302,257,707,1022,346,457,108,524,118,1142,749,579
38,707,257,1287,505,251,429,9,108,120,635,429
1064,669,489,895,884,815,839,491,654,518,524,1053
24,833,399,470,202,896,487,738,253,1232,253,213
614,937,429,933,671,335,1336,635,429,631,118,1086
874,1248,1258,78,683,654,1072,950,651,662,1295,135
1238,888,741,346,142,108,1222,382,1141,524,1225,649
184,1032,161,505,502,9,103,25,306,9,836,473
619,507,597,884,482,651,1031,118,487,738,993,230
802,1306,1286,202,914,749,667,108,1072,635,529,1087
297,787,149,671,794,635,324,654,1336,382,463,23
146,741,250,683,1049,524,592,253,1297,25,645,1099
266,161,21,117,45,253,1211,429,1222,118,151,1023
206,597,120,1257,35,118,594,749,699,108,1109,1040
1271,923,176,794,820,1295,903,651,839,654,186,487
950,21,1307,1049,1101,1225,983,670,229,253,1275,1072
1258,250,1267,45,1166,836,357,243,103,429,1006,947
429,149,890,35,977,993,292,376,806,749,98,1222
399,170,1009,861,861,529,394,306,1031,651,77,1244
489,540,632,215,215,463,945,1141,667,670,579,871
257,120,409,805,805,645,300,487,324,243,429,229
707,1267,938,1089,1089,151,1180,1336,592,376,1053,756
669,1307,634,371,371,1109,435,1072,1021,487,213,103
833,176,180,245,523,186,362,1297,294,1336,1086,1297
937,1286,1274,49,490,1006,636,756,1211,1072,135,656
1248,890,795,523,134,98,486,1222,677,871,649,806
888,40,188,490,776,77,285,839,190,947,473,839
1032,632,136,134,678,579,668,699,528,1297,230,592
507,1009,303,776,584,429,369,229,161,1222,1087,667
1306,409,275,678,111,1053,1111,103,200,1244,1099,1211
787,938,1183,584,446,213,706,656,594,839,843,1031
741,125,401,111,606,1086,48,806,903,229,453,324
161,1081,863,446,1316,135,1122,1021,1079,756,1023,1141
21,172,1329,606,457,649,395,1031,983,103,487,306
250,840,640,1316,251,473,178,667,394,656,1072,190
149,804,80,457,815,230,1190,324,945,806,947,294
830,563,763,251,1053,1087,1040,294,1180,1021,86,200
162,277,369,815,972,1099,127,592,435,1031,1244,528
120,1167,420,1053,896,843,1312,1211,362,667,871,161
1267,1068,320,896,1006,453,846,677,636,324,701,677
1307,320,1068,1006,548,387,590,190,486,294,357,1021
176,420,1167,654,659,338,105,528,285,592,1096,94
890,369,277,108,521,628,334,161,668,1211,611,241
632,763,563,9,335,1023,55,200,369,677,555,311
1009,80,804,651,245,1072,708,94,706,306,832,61
409,640,840,749,49,947,432,1020,48,190,229,702
938,1329,172,635,654,86,642,702,1122,528,1222,1020
620,863,1081,524,108,871,673,278,395,161,103,1210
170,401,125,253,9,701,469,758,1111,200,1009,594
540,1183,665,118,651,357,162,315,1190,1141,1297,1079
1286,275,241,1225,749,1096,124,594,1040,94,656,903
125,303,768,836,635,611,358,903,127,241,341,394
1081,136,671,993,524,832,123,1079,846,702,806,983
840,188,202,529,253,229,854,983,1312,1020,839,597
563,795,884,463,118,1222,1212,394,357,61,592,495
277,1274,505,645,1225,103,566,945,105,1210,667,943
1068,180,346,151,836,1009,561,1180,334,311,1211,636
320,634,78,1109,993,1297,49,435,55,594,1031,618
420,476,933,186,529,656,978,362,432,903,324,737
369,897,470,98,463,1290,15,636,642,1079,1141,369
763,1083,895,77,645,406,113,668,673,561,306,668
80,766,1022,579,151,325,915,369,124,394,190,287
640,748,263,429,1109,1280,609,1111,358,983,294,447
863,665,846,213,186,617,488,706,123,1180,200,48
401,241,575,1086,98,341,1321,48,561,435,528,706
1183,768,681,135,77,806,940,1122,1212,362,1021,978
275,1137,620,649,579,839,493,395,566,943,94,1111
303,681,1137,473,429,592,130,1190,49,636,311,395
136,575,977,230,213,667,756,127,978,668,61,1312
188,846,1166,1087,1086,1211,1161,1312,756,369,702,127
795,263,1101,1099,135,1031,132,846,15,978,1210,846
1274,1022,820,843,649,324,996,357,113,1111,1154,729
180,470,35,453,473,1141,306,105,915,706,1079,714
634,933,45,338,230,306,1141,334,609,48,903,105
476,78,1049,628,1087,190,63,55,488,1122,1108,1140
1083,346,794,387,1099,294,685,432,1321,395,899,701
766,884,914,1262,843,200,450,642,708,1190,394,155
748,202,482,1023,453,528,820,124,940,127,495,222
241,671,502,334,338,1021,413,358,493,1312,943,334
768,1174,142,1072,628,625,948,123,130,846,837,642
40,603,683,86,387,364,704,1212,1161,729,1298,124
665,466,843,154,1262,765,514,566,132,105,182,358
1137,875,230,871,334,396,289,561,996,701,567,789
681,508,993,701,1072,894,549,49,514,155,869,357
575,683,371,357,391,89,527,978,1274,1140,83,1190
846,142,1089,1096,1103,1060,1274,15,1046,334,1012,566
263,502,805,611,923,716,1046,113,1050,642,1265,1173
1022,482,215,832,701,1289,442,915,925,789,1128,123
470,914,861,229,357,94,795,609,63,357,564,493
933,794,446,1222,1096,1244,75,488,527,124,954,996
78,1049,111,103,611,311,169,1321,178,358,1026,1321
346,45,584,1009,832,61,1244,708,289,1212,580,113
884,35,678,656,229,702,1050,940,933,566,436,15
466,820,776,325,1222,1210,1166,493,442,15,425,940
875,1101,134,1280,103,1079,1164,130,75,113,211,132
566,1166,490,536,1009,903,933,1161,122,915,1157,1161
892,977,523,1290,1243,1135,122,132,967,123,768,915
726,993,1316,406,743,898,925,996,374,609,1303,609
1276,230,457,341,325,889,967,63,655,488,84,708
940,843,896,806,1280,942,374,685,1130,1321,1174,130
683,861,587,839,86,1108,655,450,795,708,1193,1164
142,215,1262,592,154,899,1130,820,1244,940,636,704
502,805,387,667,1290,394,1101,413,685,493,265,948
482,1089,628,1211,406,495,318,948,820,130,618,374
914,371,338,1031,341,943,687,178,704,1161,1127,413
794,523,453,324,806,837,247,704,1166,132,594,655
1049,490,1087,1141,839,1298,976,514,1101,996,737,820
45,134,473,306,592,182,583,289,1164,63,369,1130
35,776,649,190,667,567,231,527,450,685,970,122
820,678,135,294,1211,869,268,1274,948,450,287,169
1101,584,1086,200,1031,83,214,1046,169,820,447,1101
1166,111,213,528,324,1012,868,442,318,413,48,450
977,446,579,1021,1141,1265,177,795,687,948,706,1166
993,1316,77,625,306,1128,640,75,413,178,978,318
230,457,98,364,190,564,512,169,976,704,1111,75
843,587,186,1289,294,954,80,1244,247,289,395,687
861,896,1109,716,200,1026,763,1050,268,527,148,685
215,931,151,396,528,580,614,1166,868,795,1146,795
805,415,645,1060,1021,436,1112,1164,583,75,119,1125
1089,664,463,894,625,425,261,933,231,169,668,725
371,1320,529,765,364,211,182,122,214,1166,1312,967
523,521,836,89,1289,1157,1079,925,640,1164,127,763
134,335,1225,337,716,768,604,967,80,933,729,177
776,245,118,500,396,1303,310,374,763,122,714,583
678,49,253,1057,1060,84,1167,655,177,967,1140,231
584,654,524,562,894,1174,165,1130,512,374,155,512
111,9,749,455,765,1193,277,1101,1112,655,222,614
446,651,651,539,89,636,263,318,614,1130,124,214
1316,749,9,1299,337,1063,1088,687,182,1101,358,80
457,524,108,308,500,265,170,247,1000,318,566,1112
587,253,654,543,1057,1168,656,976,263,687,965,640
896,118,49,52,562,618,1108,583,1108,583,1173,268
931,1225,245,1080,455,737,781,231,428,231,123,868
415,836,335,418,539,970,428,268,1305,268,493,154
664,529,521,94,1299,287,340,214,515,214,996,428
1320,463,1320,1244,308,447,540,868,380,868,1321,432
521,645,664,311,543,48,1103,177,166,177,113,1108
335,151,415,61,52,706,1305,640,656,640,15,1000
245,1109,931,1210,418,978,380,512,1103,512,940,166
49,186,334,1079,595,1111,166,80,170,80,132,170
654,98,972,903,656,395,515,763,781,763,1161,1305
9,77,923,595,1244,1146,252,614,340,614,915,340
651,579,1103,1135,311,119,1008,1112,540,1112,609,515
749,213,391,898,1210,81,893,182,732,182,708,391
524,1086,308,889,197,369,1340,1000,856,1000,130,540
253,135,1021,942,835,668,1028,263,1008,432,1190,263
118,649,832,1108,797,1312,732,170,893,263,1164,1103
1225,473,611,899,437,127,1148,1108,1340,170,704,781
836,1087,1096,394,1075,546,847,781,1148,391,948,380
529,453,357,943,1156,714,195,428,847,1108,413,27
463,338,701,1298,1079,1140,856,340,195,781,820,972
645,628,229,182,889,155,57,540,57,428,169,314
151,387,103,567,1135,222,683,1103,683,340,1101,63
1109,1262,1222,869,942,729,167,1305,167,540,450,167
186,334,743,83,288,566,1178,380,1028,1103,1166,195
98,972,1280,1012,1108,965,1066,166,1178,1305,318,847
77,1103,325,1265,899,15,889,515,1066,380,687,856
579,1021,887,1128,394,1173,980,1008,889,166,685,1148
213,308,647,564,943,123,293,1340,252,515,1125,732
1086,701,1177,954,1298,493,1235,1028,980,1008,725,57
135,357,418,1026,182,996,699,732,293,1340,34,1340
649,1096,52,580,567,1321,229,1148,416,1028,763,1008
473,611,543,436,869,113,201,847,912,732,177,1028
1087,832,1299,425,83,940,254,195,31,1148,583,577
453,1054,539,211,1012,132,416,856,1273,847,231,252
338,229,455,1157,1265,1161,7,57,951,195,512,1178
628,1222,562,1303,1128,915,998,683,84,856,614,889
387,103,1057,84,564,609,94,167,830,57,214,1066
1262,1031,500,1174,954,708,1086,1178,1086,683,80,293
972,743,337,1193,1026,130,1296,1066,549,167,1112,895
1103,325,89,636,425,1190,406,889,1020,1178,640,1260
1021,1280,765,265,211,1164,913,252,852,1066,858,522
308,1304,894,618,1157,704,624,980,445,889,1236,961
334,28,1060,978,1303,948,912,293,902,252,795,982
701,154,396,970,1174,820,871,201,2,980,154,1197
357,1290,716,287,618,169,522,254,633,293,428,727
1096,406,1289,447,978,1101,44,416,542,201,432,703
611,341,364,48,636,450,1020,7,913,254,166,918
832,806,625,706,48,1166,31,998,871,998,170,932
1054,1211,528,1111,706,318,567,1086,44,1296,1305,345
666,1141,200,395,395,687,76,1296,567,913,515,977
762,306,294,1146,1146,685,982,913,1303,624,391,1338
239,190,190,119,119,1125,1322,624,857,522,540,76
1222,294,306,714,714,725,783,549,7,44,1103,998
103,200,1141,1140,1140,358,814,912,1296,567,781,674
1031,528,1211,155,155,34,564,871,783,76,380,691
743,625,806,617,729,763,1303,522,814,982,972,1335
325,364,341,222,617,177,895,44,564,1322,314,1067
1280,1289,406,729,566,231,852,31,216,783,63,1322
229,716,1290,566,222,512,1273,567,611,814,167,201
1304,396,154,965,15,614,345,76,223,564,195,254
28,1060,28,15,1063,214,736,982,522,1303,847,665
154,894,1304,1063,1173,80,445,1322,76,895,856,624
1290,765,205,1173,123,1112,1197,783,895,345,1148,605
406,89,1073,123,493,640,951,814,605,736,732,793
341,337,1075,493,996,154,857,564,1335,1197,57,1070
806,500,835,996,1321,432,947,1303,624,49,1340,736
1211,1057,197,1321,113,166,902,895,982,857,1028,1235
1141,562,1210,113,940,170,2,852,1338,1067,827,1255
306,455,311,940,132,391,84,1273,94,216,577,475
190,539,1244,132,1161,540,1067,345,727,665,252,221
294,1299,656,1161,915,1103,216,736,674,605,1178,1290
200,543,1243,915,609,781,665,445,977,611,889,276
528,52,1156,609,708,380,633,1197,932,793,1066,1204
625,418,1079,708,130,413,605,951,998,245,293,406
364,1177,889,130,1190,972,611,857,736,727,479,1343
1289,647,595,1190,1164,314,793,947,245,223,1260,126
716,887,182,1164,169,63,245,902,201,691,961,174
396,1243,1135,704,450,167,542,2,1322,674,982,316
1060,656,1150,820,318,195,727,84,947,1335,1197,1107
894,1244,319,169,687,847,223,1067,691,1338,727,1341
765,311,1173,1101,265,856,691,216,918,977,703,70
337,1210,1174,450,614,1148,830,665,703,932,918,1219
500,197,1303,1166,965,732,674,633,254,918,932,810
1057,835,1157,318,170,57,1335,605,345,703,345,1116
562,1075,211,687,540,1340,1338,611,1197,961,977,196
455,1073,425,685,781,1028,977,793,1067,1260,1338,60
539,205,1026,1125,413,827,932,245,665,1107,998,390
1299,1156,954,725,1148,252,918,542,793,1204,674,1250
543,781,564,614,538,479,703,727,961,944,691,99
52,595,1128,737,314,1260,961,223,1260,1145,1067,796
418,889,1265,432,167,961,1260,691,1235,1235,1322,757
1177,182,1012,166,195,1197,475,830,475,406,201,72
647,1135,83,170,847,727,1255,674,1255,126,254,653
1243,1150,869,391,57,703,1107,1335,1107,475,624,1155
656,288,567,540,1340,918,1204,1338,1204,1341,793,194
1244,1108,1298,1103,1028,932,944,977,944,1270,1070,578
311,899,943,781,1239,345,1145,932,1145,174,736,588
1210,394,394,380,827,977,126,918,406,281,1135,991
197,943,899,413,184,998,1341,703,126,276,1235,680
835,1298,1108,1148,328,674,1270,961,1341,1343,1255,89
1075,567,288,538,128,691,174,1260,1270,1290,475,461
1073,869,706,972,460,1067,281,1235,174,1255,221,1277
205,83,978,314,107,1322,276,475,281,851,1290,1266
595,1012,618,63,430,201,1343,1255,276,511,276,526
889,1265,48,167,999,254,1290,1107,1343,221,1204,1114
182,1128,636,195,479,793,851,1204,1290,316,406,1256
1135,564,1322,847,1260,1070,511,944,851,70,1343,147
1150,954,119,856,961,736,221,1145,511,757,126,5
887,1026,1146,732,1197,1235,316,406,221,653,174,686
781,425,104,57,703,1255,653,126,316,1116,316,11
288,211,1037,1340,918,475,72,1341,70,72,1107,168
1108,1157,90,1028,345,1204,796,1270,72,390,1341,143
899,1303,754,1239,691,1341,757,174,653,196,1219,1143
394,1173,497,827,1067,1219,1219,281,796,60,810,403
943,319,1207,1283,1322,810,1116,276,757,810,1116,885
1298,405,1208,430,201,1116,810,1343,1116,99,196,1117
567,706,378,999,254,196,196,1290,390,1219,60,919
869,618,195,479,793,60,390,851,196,796,390,1027
83,978,1031,1260,252,390,1250,511,60,1250,1250,411
1012,636,491,961,347,1250,99,221,810,991,99,95
1265,48,155,1197,516,99,60,316,99,89,796,46
1128,1146,1140,727,1139,796,578,70,1219,403,757,517
564,119,714,703,1333,757,806,757,1250,194,653,104
